{
  "trained_date": "2026-02-15T21:31:41.948269",
  "samples": 638500,
  "features": [
    "close",
    "high",
    "low",
    "open",
    "rsi",
    "macd",
    "macd_signal",
    "macd_hist",
    "adx",
    "ema6",
    "ema12",
    "ema20",
    "ema50",
    "trend_ema",
    "atr",
    "bb_upper",
    "bb_lower",
    "bb_position",
    "roc3",
    "roc10",
    "volume",
    "volume_ratio",
    "high_10",
    "low_10"
  ],
  "test_accuracy": 0.9998355520751762,
  "test_precision": 0.9998355520751762,
  "test_recall": 1.0,
  "test_f1": 0.9999177692762522,
  "cv_mean": 0.9978073610023493,
  "cv_std": 0.00398240596750531
}